FireSize_sqm,NumFirefighters,PropertyDamage_k
191.8,22,164.6
245.4,27,236.5
172.9,11,205.6
158.4,17,191.4
262.6,31,201.3
166.6,22,125.1
210.3,26,223.6
198.9,21,151.3
262.4,23,201.2
142.6,11,117.9
312.2,32,286.9
121.6,15,107.4
218.0,28,176.6
203.9,26,163.9
114.9,13,86.7
228.3,19,182.7
149.1,15,191.7
92.1,12,91.7
244.4,24,240.0
70.5,7,54.1
103.3,13,89.4
171.7,16,136.9
261.5,24,166.8
236.2,26,175.3
190.0,18,125.4
55.5,9,1.0
118.2,15,77.0
134.5,11,155.9
89.3,9,81.5
45.3,13,74.1
176.5,14,169.9
240.3,16,236.0
128.2,7,95.8
259.6,26,244.0
64.7,9,78.8
85.8,10,64.8
174.4,24,168.7
121.7,3,127.8
229.5,25,190.3
209.1,28,156.7
127.0,10,86.7
69.1,8,67.0
118.3,11,116.3
211.9,18,170.5
234.4,23,209.8
122.0,20,123.1
45.1,14,56.8
62.2,7,97.7
202.5,29,210.4
125.7,14,88.9
127.6,21,155.6
84.8,10,65.1
83.8,11,103.2
257.3,28,229.8
206.5,34,170.3
108.6,16,52.7
167.2,15,146.7
183.9,23,124.6
373.8,35,355.1
79.2,8,111.8
182.5,23,142.5
256.6,26,235.7
350.5,36,291.5
105.1,13,80.0
124.8,16,131.9
230.6,25,204.1
54.8,2,97.2
192.7,23,159.5
446.2,39,419.9
204.1,16,186.4
28.8,5,49.3
92.8,12,73.8
107.2,10,97.2
288.8,32,252.4
145.0,11,111.3
45.6,5,61.1
154.8,15,156.1
173.1,18,170.2
115.9,15,143.2
82.8,6,114.0
472.3,48,406.3
257.0,26,237.8
269.7,20,226.2
145.1,8,133.8
104.0,12,80.0
119.4,13,149.1
64.6,8,69.8
369.9,36,321.7
148.7,17,163.5
325.1,36,232.5
123.0,10,62.4
205.8,17,205.0
178.6,15,162.8
59.9,10,62.2
395.3,44,314.4
125.3,13,113.3
74.2,2,121.3
231.7,17,229.0
159.5,14,148.6
195.4,18,164.5
169.0,17,142.2
31.5,6,1.0
90.8,10,90.1
88.5,15,101.3
267.6,24,199.2
163.0,14,131.0
212.8,24,160.4
130.0,9,95.2
218.7,24,196.0
145.3,16,78.9
139.1,15,141.0
177.9,25,176.5
169.0,16,146.1
555.1,60,424.6
90.1,10,58.2
55.2,3,84.6
193.0,21,102.9
98.7,8,82.7
28.4,3,1.0
76.8,12,90.7
489.1,49,413.6
88.5,8,92.4
42.2,11,53.8
472.4,50,461.1
74.8,15,62.7
646.8,60,578.5
126.6,20,75.8
396.2,31,382.0
137.2,14,105.2
206.5,18,171.4
147.2,17,131.9
137.8,13,86.0
183.8,19,170.5
210.8,29,210.2
175.7,18,165.1
165.3,20,108.0
99.2,11,87.9
150.7,17,154.0
369.0,36,279.3
96.3,13,60.9
187.0,24,188.0
307.4,37,277.3
211.8,23,199.0
269.2,30,284.7
74.0,5,81.8
187.3,20,184.0
133.0,19,186.8
136.6,19,116.9
351.8,36,290.9
137.9,19,134.1
190.8,22,181.1
42.2,12,26.2
395.9,40,323.5
260.4,25,289.6
154.1,18,146.4
129.4,3,102.3
224.1,25,222.1
305.3,16,272.2
398.9,32,348.1
255.6,28,240.7
166.6,20,116.7
277.9,23,257.0
249.5,23,270.5
167.0,24,159.8
245.4,23,209.6
242.8,34,200.7
153.5,17,127.8
114.4,15,97.1
230.9,30,194.4
79.8,11,96.4
68.0,5,21.3
192.6,20,193.9
227.4,23,193.2
191.7,15,182.5
204.1,20,154.5
225.2,20,234.9
352.6,38,342.0
258.1,26,253.5
253.7,25,188.0
183.9,19,185.6
188.0,21,178.0
146.0,19,90.5
200.6,17,179.8
77.1,6,81.7
353.5,39,325.3
92.2,10,89.4
257.8,21,238.0
328.7,34,327.5
257.5,28,259.0
513.6,43,382.6
33.0,7,24.7
119.2,17,103.1
325.7,34,244.1
66.0,11,63.5
94.1,6,119.1
217.1,24,166.0
165.4,17,157.2
209.4,20,164.5
173.9,22,138.1
183.5,25,199.6
100.4,19,76.1
180.1,24,171.4
124.4,14,66.0
135.3,17,168.3
255.8,29,241.6
63.6,9,55.0
23.0,6,38.3
245.2,28,182.1
180.2,19,191.0
328.5,30,283.6
95.8,10,83.1
150.6,19,122.5
169.2,18,137.4
108.5,14,115.9
87.8,14,86.2
252.4,24,241.2
59.2,11,54.8
78.2,12,84.6
147.5,11,124.0
269.3,33,293.2
113.2,11,64.4
104.1,6,128.4
142.2,12,163.5
198.1,17,156.9
128.7,15,172.1
289.0,28,281.6
295.9,28,287.2
147.5,19,132.7
437.4,44,380.0
166.9,19,144.3
290.3,31,266.7
194.9,23,208.5
192.8,12,179.4
49.3,6,24.8
73.6,2,91.2
133.0,15,143.2
294.7,30,277.6
196.5,25,193.0
133.7,20,112.6
228.7,24,180.4
288.5,27,234.9
160.6,19,103.0
182.9,17,170.4
169.1,18,149.7
154.5,21,126.8
95.1,9,14.0
90.2,14,50.8
227.8,26,230.3
291.6,25,243.4
133.6,19,128.5
131.6,18,83.3
39.3,7,74.2
33.5,3,30.6
334.3,30,304.1
99.4,10,149.6
533.6,53,507.3
111.2,9,94.7
50.6,9,33.0
169.9,13,145.9
250.7,25,235.8
234.8,25,206.2
265.1,37,222.6
82.5,5,114.5
329.8,39,287.3
340.7,34,358.9
349.1,36,310.7
186.7,20,211.6
127.1,16,123.5
120.0,13,133.1
50.4,13,28.3
112.8,11,81.9
21.4,9,33.0
45.1,4,69.1
185.5,19,167.3
136.4,11,92.3
180.8,21,127.4
239.7,30,176.1
200.8,21,135.2
190.8,19,173.8
151.6,12,166.0
96.9,11,88.6
66.4,3,7.4
114.8,10,100.5
153.2,18,133.4
165.1,23,199.1
265.4,38,196.0
144.9,14,121.4
220.0,29,236.9
55.9,9,63.9
187.1,19,181.7
179.3,21,163.0
329.9,33,300.2
136.5,16,142.5
132.9,13,100.5
240.7,19,237.9
70.2,3,32.9
184.2,22,172.4
67.6,8,67.9
413.0,38,349.9
122.0,14,110.0
64.4,12,43.8
114.2,14,76.8
184.9,17,157.4
216.0,27,163.7
320.2,38,289.8
105.4,14,66.9
247.0,29,236.4
45.2,12,12.5
78.5,15,57.0
57.1,11,37.5
93.3,14,117.9
240.6,27,221.7
107.1,8,93.7
120.6,17,120.9
187.8,14,117.2
210.7,19,187.9
123.0,19,159.9
78.2,13,74.8
375.4,43,331.7
123.5,13,125.9
131.5,10,142.7
142.1,15,78.5
223.8,24,157.1
53.7,8,56.2
457.2,49,383.9
129.2,13,150.2
228.2,25,195.0
65.0,5,13.6
176.7,21,126.0
417.9,41,300.1
385.4,35,335.5
224.7,22,195.9
89.1,10,71.5
310.6,30,302.5
44.9,14,71.2
86.9,10,75.9
152.1,16,83.8
48.2,2,63.2
114.1,10,118.5
249.9,24,230.4
99.8,9,116.6
256.7,32,197.3
525.4,50,513.1
201.1,26,154.2
254.1,26,244.6
316.6,32,238.2
121.0,14,86.5
250.7,26,260.7
119.1,21,99.4
192.8,11,196.2
272.6,20,250.2
91.9,9,82.4
23.3,5,58.6
86.0,14,72.3
295.7,32,217.0
78.8,9,53.1
286.4,33,266.6
86.3,15,88.1
139.3,16,86.4
158.7,21,123.4
78.5,11,57.8
140.2,13,118.2
50.5,10,13.1
128.0,15,100.0
150.8,17,117.4
24.4,11,43.0
85.5,2,101.6
189.3,14,167.5
72.3,5,58.7
208.0,20,189.7
220.0,22,176.0
188.8,14,142.1
248.9,21,199.2
48.0,4,31.1
279.6,38,216.1
79.4,17,75.4
169.9,17,171.1
408.7,38,321.7
126.3,10,116.3
161.1,10,141.5
79.7,10,82.3
406.4,36,359.6
85.7,10,42.8
231.2,17,176.4
316.3,28,282.0
244.0,26,242.5
195.8,22,119.2
168.3,20,159.1
64.5,4,91.6
396.2,42,345.2
186.3,17,181.4
161.2,20,126.5
75.0,10,66.5
166.0,12,110.3
155.0,16,81.1
408.7,41,384.1
161.1,20,119.4
164.4,17,136.4
75.7,16,33.6
97.5,16,52.7
